party,name,region,contact
ΝΕΑ ΔΗΜΟΚΡΑΤΙΑ,Αβραμόπουλος Λάμπρου Δημήτριος,ΗΛΕΙΑΣ,"avramopoulos@otenet.gr
http://www.avramopoulos.gr"
ΝΕΑ ΔΗΜΟΚΡΑΤΙΑ,Αγαπηδάκη Στυλιανού Ειρήνη,ΕΠΙΚΡΑΤΕΙΑΣ,
ΕΛΛΗΝΙΚΗ ΛΥΣΗ - ΚΥΡΙΑΚΟΣ ΒΕΛΟΠΟΥΛΟΣ,Αθανασίου Ευαγγέλου Μαρία,Β2' ΔΥΤΙΚΟΥ ΤΟΜΕΑ ΑΘΗΝΩΝ,m.athanasiou@parliament.gr
ΝΕΑ ΔΗΜΟΚΡΑΤΙΑ,Αθανασίου Χριστόφα Χαράλαμπος,ΛΕΣΒΟΥ,"xathanasiou2@gmail.com
http://www.athanasiou.info/"
ΣΥΝΑΣΠΙΣΜΟΣ ΡΙΖΟΣΠΑΣΤΙΚΗΣ ΑΡΙΣΤΕΡΑΣ - ΠΡΟΟΔΕΥΤΙΚΗ  ΣΥΜΜΑΧΙΑ ,Ακρίτα Λουκή Έλενα,ΕΠΙΚΡΑΤΕΙΑΣ,"e.akrita@parliament.gr
eakrita.office@gmail.com"
ΝΕΑ ΔΗΜΟΚΡΑΤΙΑ,Ακτύπης Δημητρίου Διονύσιος,ΖΑΚΥΝΘΟΥ,d.aktypis@parliament.gr
ΝΕΑ ΔΗΜΟΚΡΑΤΙΑ,Αλεξοπούλου Μιχαήλ Χριστίνα,ΑΧΑΪΑΣ,"ch.alexopoulou@parliament.gr
www.xalexopoulou.gr"
ΚΟΜΜΟΥΝΙΣΤΙΚΟ ΚΟΜΜΑ ΕΛΛΑΔΑΣ,Αμπατιέλος Γερασίμου Νικόλαος,Α' ΠΕΙΡΑΙΩΣ,
ΝΕΑ ΔΗΜΟΚΡΑΤΙΑ,Αμυράς Στυλιανού Γεώργιος,ΙΩΑΝΝΙΝΩΝ,amiras@parliament.gr
ΝΕΑ ΑΡΙΣΤΕΡΑ,Αναγνωστοπούλου Πέτρου Αθανασία (Σία),ΑΧΑΪΑΣ,"sia.anag@gmail.com
aanagnostopoulou@parliament.gr"
ΝΕΑ ΔΗΜΟΚΡΑΤΙΑ,Ανδριανός Σωτηρίου Ιωάννης,ΑΡΓΟΛΙΔΟΣ,"nafplio@andrianos.eu
jandrianos@parliament.gr
argos@andrianos.eu"
ΠΑΣΟΚ-ΚΙΝΗΜΑ ΑΛΛΑΓΗΣ,Ανδρουλάκης Μαρίνου Νικόλαος,Α' ΘΕΣΣΑΛΟΝΙΚΗΣ,"proedros@pasok.gr
pasokproedros.thess@gmail.com"
ΝΕΑ ΔΗΜΟΚΡΑΤΙΑ,Αντωνίου Βασιλείου Μαρία,ΚΑΣΤΟΡΙΑΣ,"maria.antoniou@parliament.gr
mar.antoniu@hotmail.gr"
ΠΑΣΟΚ-ΚΙΝΗΜΑ ΑΛΛΑΓΗΣ,Αποστολάκη Γεωργίου Ελένη - Μαρία (Μιλένα),Β1' ΒΟΡΕΙΟΥ ΤΟΜΕΑ ΑΘΗΝΩΝ,"m.apostolaki@parliament.gr
http://www.apostolakimilena.gr"
ΑΝΕΞΑΡΤΗΤΟΙ,Αποστολάκης Ευαγγέλου Ευάγγελος,ΕΠΙΚΡΑΤΕΙΑΣ,"eapostolakis.mp@gmail.com
e.apostolakis@parliament.gr"
ΝΕΑ ΔΗΜΟΚΡΑΤΙΑ,Αραμπατζή Αθανασίου Φωτεινή,ΣΕΡΡΩΝ,"foteini@arampatzi.gr
f.arampatzi@parliament.gr
http://www.arampatzi.gr"
ΕΛΛΗΝΙΚΗ ΛΥΣΗ - ΚΥΡΙΑΚΟΣ ΒΕΛΟΠΟΥΛΟΣ,Ασημακοπούλου Δημητρίου Σοφία - Χάιδω,Β' ΠΕΙΡΑΙΩΣ,s.asimakopoulou@parliament.gr
ΑΝΕΞΑΡΤΗΤΟΙ,Ασπιώτης Πελοπίδος Γεώργιος,ΑΧΑΪΑΣ,
ΝΕΑ ΔΗΜΟΚΡΑΤΙΑ,Αυγενάκης Κωνσταντίνου Ελευθέριος,ΗΡΑΚΛΕΙΟΥ,"info@avgenakis.gr
http://www.avgenakis.gr"
ΝΕΑ ΔΗΜΟΚΡΑΤΙΑ,Αυγερινοπούλου Ζήσιμου Διονυσία,ΗΛΕΙΑΣ,"d.avgerinopoulou@parliament.gr
https://www.avgerinopoulou.gr"
ΑΝΕΞΑΡΤΗΤΟΙ,Αυλωνίτης Νικολάου Αλέξανδρος-Χρήστος,ΚΕΡΚΥΡΑΣ,"a.avlonitis@parliament.gr
alavlonitis19@gmail.com"
ΠΑΣΟΚ-ΚΙΝΗΜΑ ΑΛΛΑΓΗΣ,Αχμέτ Σαμπρή Ιλχάν,ΡΟΔΟΠΗΣ,"ilhanbelgin@hotmail.com

av.ilhanahmet@gmail.com

i.achmet@parliament.gr
http://www.ilhanahmet.gr"
ΝΕΑ ΑΡΙΣΤΕΡΑ,Αχτσιόγλου Θεμιστοκλή Ευτυχία (Έφη),Β2' ΔΥΤΙΚΟΥ ΤΟΜΕΑ ΑΘΗΝΩΝ,e.achtsioglou@parliament.gr
ΑΝΕΞΑΡΤΗΤΟΙ,Βαλτογιάννης Σωτηρίου Διονύσιος,ΑΙΤΩΛΟΑΚΑΡΝΑΝΙΑΣ,
ΝΕΑ ΔΗΜΟΚΡΑΤΙΑ,Βαρτζόπουλος Χρυσόστομου Δημήτριος,Β' ΘΕΣΣΑΛΟΝΙΚΗΣ,"info@vartzopoulos.gr
yfypourgos.vd@moh.gov.gr
http://vartzopoulos.gr"
ΝΕΑ ΔΗΜΟΚΡΑΤΙΑ,Βασιλειάδης Νικολάου Βασίλειος (Λάκης),ΠΕΛΛΗΣ,"vasileiadislaw@gmail.com
v.vasileiadis@parliament.gr"
ΠΑΣΟΚ-ΚΙΝΗΜΑ ΑΛΛΑΓΗΣ,Βατσινά Φανουρίου Ελένη,ΗΡΑΚΛΕΙΟΥ,
ΕΛΛΗΝΙΚΗ ΛΥΣΗ - ΚΥΡΙΑΚΟΣ ΒΕΛΟΠΟΥΛΟΣ,Βελόπουλος Ιωσήφ Κυριάκος,Β3΄ΝΟΤΙΟΥ ΤΟΜΕΑ ΑΘΗΝΩΝ,"k.velopoulos@parliament.gr
http://www.velopoulos.gr"
ΝΕΑ ΔΗΜΟΚΡΑΤΙΑ,Βεσυρόπουλος Φωτίου Απόστολος,ΗΜΑΘΙΑΣ,"vesiropoulos@gmail.com
http://www.vesiropoulos.gr"
ΣΥΝΑΣΠΙΣΜΟΣ ΡΙΖΟΣΠΑΣΤΙΚΗΣ ΑΡΙΣΤΕΡΑΣ - ΠΡΟΟΔΕΥΤΙΚΗ  ΣΥΜΜΑΧΙΑ ,Βέττα Δημητρίου Καλλιόπη,ΚΟΖΑΝΗΣ,k.vetta@parliament.gr
ΕΛΛΗΝΙΚΗ ΛΥΣΗ - ΚΥΡΙΑΚΟΣ ΒΕΛΟΠΟΥΛΟΣ,Βιλιάρδος Διονυσίου Βασίλειος,Β1' ΒΟΡΕΙΟΥ ΤΟΜΕΑ ΑΘΗΝΩΝ,viliardos@analyst.gr
ΝΕΑ ΔΗΜΟΚΡΑΤΙΑ,Βλάσης Γεωργίου Κωνσταντίνος,ΑΡΚΑΔΙΑΣ,"k.vlasis@parliament.gr
www.kostasvlasis.gr"
ΝΕΑ ΔΗΜΟΚΡΑΤΙΑ,Βλαχάκος Αντωνίου Νικόλαος,Α' ΠΕΙΡΑΙΩΣ,"nicolaosvlachakos@gmail.com
n.vlachakos@parliament.gr"
ΝΕΑ ΔΗΜΟΚΡΑΤΙΑ,Βλάχος Θεοδώρου Γεώργιος,Α΄ΑΝΑΤΟΛΙΚΗΣ ΑΤΤΙΚΗΣ,"attiki@gvlahos.gr
http://www.gvlahos.gr"
ΝΕΑ ΔΗΜΟΚΡΑΤΙΑ,Βολουδάκη Αναστασίου Σεβαστή (Σέβη),ΧΑΝΙΩΝ,office@voloudakis.gr
ΝΕΑ ΔΗΜΟΚΡΑΤΙΑ,Βορίδης Χρήστου Μαυρουδής (Μάκης),Α΄ΑΝΑΤΟΛΙΚΗΣ ΑΤΤΙΚΗΣ,"voridis@parliament.gr
http://www.makisvoridis.gr"
"ΔΗΜΟΚΡΑΤΙΚΟ ΠΑΤΡΙΩΤΙΚΟ ΚΙΝΗΜΑ ""ΝΙΚΗ""",Βορύλλας Δημητρίου Ανδρέας,Β2' ΔΥΤΙΚΟΥ ΤΟΜΕΑ ΑΘΗΝΩΝ,"a.voryllas@parliament.gr
nikh@parliament.gr"
ΝΕΑ ΔΗΜΟΚΡΑΤΙΑ,Βούλτεψη Ιωάννη Σοφία,Β3΄ΝΟΤΙΟΥ ΤΟΜΕΑ ΑΘΗΝΩΝ,s.voultepsi@parliament.gr
ΝΕΑ ΔΗΜΟΚΡΑΤΙΑ,Βρεττάκος Δρακούλη Γεώργιος,Β' ΠΕΙΡΑΙΩΣ,"g.vrettakos@parliament.gr
grafeio@gvrettakos.gr
https://gvrettakos.gr/"
"ΔΗΜΟΚΡΑΤΙΚΟ ΠΑΤΡΙΩΤΙΚΟ ΚΙΝΗΜΑ ""ΝΙΚΗ""",Βρεττός Δημητρίου Νικόλαος,Β3΄ΝΟΤΙΟΥ ΤΟΜΕΑ ΑΘΗΝΩΝ,"n.vrettos@parliament.gr
nikh@parliament.gr"
ΝΕΑ ΔΗΜΟΚΡΑΤΙΑ,Βρούτσης Βασιλείου Ιωάννης,ΚΥΚΛΑΔΩΝ,"vroutsis@ivroutsis.gr
http://www.ivroutsis.gr"
ΣΥΝΑΣΠΙΣΜΟΣ ΡΙΖΟΣΠΑΣΤΙΚΗΣ ΑΡΙΣΤΕΡΑΣ - ΠΡΟΟΔΕΥΤΙΚΗ  ΣΥΜΜΑΧΙΑ ,Γαβρήλος Νικολάου Γεώργιος,ΑΡΓΟΛΙΔΟΣ,"g.gavrilos@parliament.gr
georgegavrilos.vouli@gmail.com"
ΑΝΕΞΑΡΤΗΤΟΙ,Γαυγιωτάκης Ευαγγέλου Μιχαήλ,ΗΡΑΚΛΕΙΟΥ,"m.gavgiotakis@parliament.gr
michail.gavgiotakis@gmail.com
www.toparon.gr"
ΣΥΝΑΣΠΙΣΜΟΣ ΡΙΖΟΣΠΑΣΤΙΚΗΣ ΑΡΙΣΤΕΡΑΣ - ΠΡΟΟΔΕΥΤΙΚΗ  ΣΥΜΜΑΧΙΑ ,Γεροβασίλη Βασιλείου Όλγα,ΑΡΤΑΣ,"olgagerovasili@gmail.com
o.gerovasili@parliament.gr
http://gerovasili.wordpress.com"
ΠΑΣΟΚ-ΚΙΝΗΜΑ ΑΛΛΑΓΗΣ,Γερουλάνος Μαρίνου Παύλος,Α' ΑΘΗΝΩΝ,http://www.yeroulanos.gr
ΝΕΑ ΔΗΜΟΚΡΑΤΙΑ,Γεωργαντάς Παύλου Γεώργιος,ΚΙΛΚΙΣ,"g.georgantas@parliament.gr
vice.president_b@parliament.gr"
ΝΕΑ ΔΗΜΟΚΡΑΤΙΑ,Γεωργιάδης Αθανασίου Σπυρίδων - Άδωνις,Β1' ΒΟΡΕΙΟΥ ΤΟΜΕΑ ΑΘΗΝΩΝ,"g-adonis@otenet.gr
a.georgiadis@parliament.gr"
ΠΑΣΟΚ-ΚΙΝΗΜΑ ΑΛΛΑΓΗΣ,Γιαννακοπούλου Ιωάννη Κωνσταντίνα (Νάντια),Β2' ΔΥΤΙΚΟΥ ΤΟΜΕΑ ΑΘΗΝΩΝ,"kgiannakopoulou@gmail.com
http://www.nadiagiannakopoulou.gr"
ΣΥΝΑΣΠΙΣΜΟΣ ΡΙΖΟΣΠΑΣΤΙΚΗΣ ΑΡΙΣΤΕΡΑΣ - ΠΡΟΟΔΕΥΤΙΚΗ  ΣΥΜΜΑΧΙΑ ,Γιαννούλης Ιωάννη Χρήστος,Α' ΘΕΣΣΑΛΟΝΙΚΗΣ,ch.giannoulis@parliament.gr
ΝΕΑ ΔΗΜΟΚΡΑΤΙΑ,Γιόγιακας Νικολάου Βασίλειος,ΘΕΣΠΡΩΤΙΑΣ,"v.giogiakas@parliament.gr
http://www.vasileiosgiogiakas.gr"
ΝΕΑ ΔΗΜΟΚΡΑΤΙΑ,Γιώργος Αγγελή Ιωάννης,ΧΑΛΚΙΔΙΚΗΣ,i.giorgos@parliament.gr
ΝΕΑ ΔΗΜΟΚΡΑΤΙΑ,Γκίκας Σωτηρίου Στέφανος,ΚΕΡΚΥΡΑΣ,"stefanosgikas@parliament.gr
stefgik1@gmail.com
www.stefanosgikas.gr"
ΚΟΜΜΟΥΝΙΣΤΙΚΟ ΚΟΜΜΑ ΕΛΛΑΔΑΣ,Γκιόκας Χρήστου Ιωάννης,Α΄ΑΝΑΤΟΛΙΚΗΣ ΑΤΤΙΚΗΣ,kke@parliament.gr
ΝΕΑ ΔΗΜΟΚΡΑΤΙΑ,Γκιουλέκας Πέτρου Κωνσταντίνος,Α' ΘΕΣΣΑΛΟΝΙΚΗΣ,"info@gioulekas.gr
gioulekas@parliament.gr
http://www.gioulekas.gr"
ΝΕΑ ΔΗΜΟΚΡΑΤΙΑ,Γκολιδάκης Μιχαήλ Διαμαντής,Α' ΘΕΣΣΑΛΟΝΙΚΗΣ,"infogkolidakis@gmail.com
d.gkolidakis@parliament.gr
www.dgkolidakis.gr"
ΕΛΛΗΝΙΚΗ ΛΥΣΗ - ΚΥΡΙΑΚΟΣ ΒΕΛΟΠΟΥΛΟΣ,Γραμμένος Αναστασίου Βασίλειος,Α' ΑΘΗΝΩΝ,v.grammenos@parliament.gr
ΠΑΣΟΚ-ΚΙΝΗΜΑ ΑΛΛΑΓΗΣ,Γρηγοράκου Λεωνίδα Παναγιώτα (Νάγια),ΛΑΚΩΝΙΑΣ,"grigorakou.nagia@gmail.com
n.grigorakou@parliament.gr"
ΝΕΑ ΔΗΜΟΚΡΑΤΙΑ,Δαβάκης Παναγιώτη Αθανάσιος,ΛΑΚΩΝΙΑΣ,"a.davakis@parliament.gr
http://www.thanasisdavakis.gr/"
ΚΟΜΜΟΥΝΙΣΤΙΚΟ ΚΟΜΜΑ ΕΛΛΑΔΑΣ,Δάγκα Αθανασίου Παρασκευή (Βιβή),Β2' ΔΥΤΙΚΟΥ ΤΟΜΕΑ ΑΘΗΝΩΝ,
"ΔΗΜΟΚΡΑΤΙΚΟ ΠΑΤΡΙΩΤΙΚΟ ΚΙΝΗΜΑ ""ΝΙΚΗ""",Δελβερούδης Βαγιάνου Κομνηνός,ΠΙΕΡΙΑΣ,"k.delveroudis@parliament.gr
nikh@parliament.gr"
ΝΕΑ ΔΗΜΟΚΡΑΤΙΑ,Δεληκάρη Γεωργίου Αγγελική,ΚΑΒΑΛΑΣ,a.delikari@parliament.gr
ΚΟΜΜΟΥΝΙΣΤΙΚΟ ΚΟΜΜΑ ΕΛΛΑΔΑΣ,Δελής Ιωάννη Ιωάννης,Α' ΘΕΣΣΑΛΟΝΙΚΗΣ,i.delis@parliament.gr
ΝΕΑ ΔΗΜΟΚΡΑΤΙΑ,Δένδιας Σπυρίδωνα Νικόλαος - Γεώργιος,Β3΄ΝΟΤΙΟΥ ΤΟΜΕΑ ΑΘΗΝΩΝ,"dendiaspg@gmail.com
http://www.nikosdendias.gr"
ΝΕΑ ΔΗΜΟΚΡΑΤΙΑ,Δερμεντζόπουλος Αλεξάνδρου Χρήστος,ΕΒΡΟΥ,"Ch.dermentzopoulos@parliament.gr
chrisdermen@hotmail.com"
ΝΕΑ ΔΗΜΟΚΡΑΤΙΑ,Δήμας Σταύρου Χρίστος,ΚΟΡΙΝΘΙΑΣ,"christos@dimas.gr
http://www.dimas.gr"
ΣΠΑΡΤΙΑΤΕΣ,Δημητριάδης Βασιλείου Πέτρος,Β' ΘΕΣΣΑΛΟΝΙΚΗΣ,
ΑΝΕΞΑΡΤΗΤΟΙ,Δημητροκάλλης Αντωνίου Ιωάννης,Α΄ΑΝΑΤΟΛΙΚΗΣ ΑΤΤΙΚΗΣ,
ΝΕΑ ΔΗΜΟΚΡΑΤΙΑ,Δημοσχάκης Σπύρου Αναστάσιος (Τάσος),ΕΒΡΟΥ,"adimoschakis@outlook.com
a.dimoschakis@parliament.gr
http://www.dimoschakis.gr"
ΚΟΜΜΟΥΝΙΣΤΙΚΟ ΚΟΜΜΑ ΕΛΛΑΔΑΣ,Διγενή Αναστασίου Ασημίνα (Σεμίνα),Β3΄ΝΟΤΙΟΥ ΤΟΜΕΑ ΑΘΗΝΩΝ,
ΠΑΣΟΚ-ΚΙΝΗΜΑ ΑΛΛΑΓΗΣ,Δουδωνής Αριστείδη Παναγιώτης,ΕΠΙΚΡΑΤΕΙΑΣ,
ΣΥΝΑΣΠΙΣΜΟΣ ΡΙΖΟΣΠΑΣΤΙΚΗΣ ΑΡΙΣΤΕΡΑΣ - ΠΡΟΟΔΕΥΤΙΚΗ  ΣΥΜΜΑΧΙΑ ,Δούρου Αθανασίου Ειρήνη (Ρένα),Β2' ΔΥΤΙΚΟΥ ΤΟΜΕΑ ΑΘΗΝΩΝ,"dourourena@gmail.com
r.dourou@parliament.gr"
ΚΟΜΜΟΥΝΙΣΤΙΚΟ ΚΟΜΜΑ ΕΛΛΑΔΑΣ,Έξαρχος Θεοφάνη Νικόλαος(Πάκος),ΙΩΑΝΝΙΝΩΝ,
ΝΕΑ ΔΗΜΟΚΡΑΤΙΑ,Ευθυμίου Ταξιάρχη Άννα,Α' ΘΕΣΣΑΛΟΝΙΚΗΣ,"info@annaefthymiou.gr
a.efthymiou@parliament.gr
https://www.annaefthymiou.gr/"
ΣΥΝΑΣΠΙΣΜΟΣ ΡΙΖΟΣΠΑΣΤΙΚΗΣ ΑΡΙΣΤΕΡΑΣ - ΠΡΟΟΔΕΥΤΙΚΗ  ΣΥΜΜΑΧΙΑ ,Ζαμπάρας Γεωργίου Μιλτιάδης (Μίλτος),ΑΙΤΩΛΟΑΚΑΡΝΑΝΙΑΣ,"mzamparas@parliament.gr
mzamparas23@gmail.com
www.miltoszamparas.com"
ΝΕΑ ΔΗΜΟΚΡΑΤΙΑ,Ζαχαράκη Ηλία Σοφία,Α΄ΑΝΑΤΟΛΙΚΗΣ ΑΤΤΙΚΗΣ,"s.zaharaki@parliament.gr
info@sofiazacharaki.gr
www.sofiazacharaki.gr"
ΝΕΑ ΑΡΙΣΤΕΡΑ,Ζεϊμπέκ Χασάν Χουσεΐν,ΞΑΝΘΗΣ,zeybek@parliament.gr
ΝΕΑ ΔΗΜΟΚΡΑΤΙΑ,Ζεμπίλης Γεωργίου Αθανάσιος,ΕΥΒΟΙΑΣ,"a.zempilis@parliament.gr
zempilisth@gmail.com"
ΣΠΑΡΤΙΑΤΕΣ,Ζερβέας Θεοδώρου Αλέξανδρος,Β' ΠΕΙΡΑΙΩΣ,
ΝΕΑ ΑΡΙΣΤΕΡΑ,Ηλιόπουλος Κωνσταντίνου Αθανάσιος (Νάσος),Α' ΑΘΗΝΩΝ,n.iliopoulos@parliament.gr
ΝΕΑ ΔΗΜΟΚΡΑΤΙΑ,Θεοδωρικάκος Δημητρίου Παναγιώτης (Τάκης),Β3΄ΝΟΤΙΟΥ ΤΟΜΕΑ ΑΘΗΝΩΝ,"theodorikakosoffice@gmail.com
p.theodorikakos@parliament.gr"
ΝΕΑ ΔΗΜΟΚΡΑΤΙΑ,Θεοχάρης Αθανασίου Θεοχάρης (Χάρης),Β3΄ΝΟΤΙΟΥ ΤΟΜΕΑ ΑΘΗΝΩΝ,"t.theocharis@parliament.gr
http://www.htheoharis.gr"
ΑΝΕΞΑΡΤΗΤΟΙ,Θρασκιά Κωνσταντίνου Ουρανία (Ράνια),Α' ΘΕΣΣΑΛΟΝΙΚΗΣ,"r.thraskia@parliament.gr
www.raniathraskia.com"
ΝΕΑ ΔΗΜΟΚΡΑΤΙΑ,Ιατρίδη Ιωάννη Τσαμπίκα (Μίκα),ΔΩΔΕΚΑΝΗΣΟΥ,"m.iatridi@parliament.gr
iatridi@yahoo.gr
http://www.iatridi.gr"
ΝΕΑ ΔΗΜΟΚΡΑΤΙΑ,Καββαδάς Ιωάννη Αθανάσιος,ΛΕΥΚΑΔΑΣ,"a.kavvadas@parliament.gr
http://www.athanasioskavvadas.gr"
ΠΛΕΥΣΗ ΕΛΕΥΘΕΡΙΑΣ-ΖΩΗ ΚΩΝΣΤΑΝΤΟΠΟΥΛΟΥ,Καζαμίας Στεφάνου Αλέξανδρος,ΕΠΙΚΡΑΤΕΙΑΣ,
ΠΑΣΟΚ-ΚΙΝΗΜΑ ΑΛΛΑΓΗΣ,Καζάνη Νικολάου Αικατερίνη,ΕΥΒΟΙΑΣ,"k.kazani@parliament.gr
katerina.kazani2023@gmail.com"
ΝΕΑ ΔΗΜΟΚΡΑΤΙΑ,Καιρίδης Κωνσταντίνου Δημήτριος,Β1' ΒΟΡΕΙΟΥ ΤΟΜΕΑ ΑΘΗΝΩΝ,"d.kairidis@parliament.gr
https://www.dimitriskairidis.gr/"
ΝΕΑ ΔΗΜΟΚΡΑΤΙΑ,Κακλαμάνης Μιχαήλ Νικήτας,Α' ΑΘΗΝΩΝ,"press@nkaklamanis.gr
http://www.nkaklamanis.gr"
ΣΥΝΑΣΠΙΣΜΟΣ ΡΙΖΟΣΠΑΣΤΙΚΗΣ ΑΡΙΣΤΕΡΑΣ - ΠΡΟΟΔΕΥΤΙΚΗ  ΣΥΜΜΑΧΙΑ ,Καλαματιανός Χρήστου Διονύσιος-Χαράλαμπος,ΗΛΕΙΑΣ,d.kalamatianos@parliament.gr
ΝΕΑ ΔΗΜΟΚΡΑΤΙΑ,Καλαφάτης Αθανασίου Σταύρος,Α' ΘΕΣΣΑΛΟΝΙΚΗΣ,"info@stavroskalafatis.gr
http://www.stavroskalafatis.gr"
ΝΕΑ ΔΗΜΟΚΡΑΤΙΑ,Καλλιάνος Δημητρίου Ιωάννης,Β3΄ΝΟΤΙΟΥ ΤΟΜΕΑ ΑΘΗΝΩΝ,"kallianos.grafeio@gmail.com
i.kallianos@parliament.gr"
ΝΕΑ ΔΗΜΟΚΡΑΤΙΑ,Καλογερόπουλος Ιωάννη Δημήτριος,Β2' ΔΥΤΙΚΟΥ ΤΟΜΕΑ ΑΘΗΝΩΝ,"dkalogeropoulospg@gmail.com
d.kalogeropoulos@parliament.gr"
ΚΟΜΜΟΥΝΙΣΤΙΚΟ ΚΟΜΜΑ ΕΛΛΑΔΑΣ,Κανέλλη Χρήστου Γαρυφαλλιά (Λιάνα),Α' ΑΘΗΝΩΝ,kke@parliament.gr
ΝΕΑ ΔΗΜΟΚΡΑΤΙΑ,Καπετάνος Δημητρίου Χρήστος,ΛΑΡΙΣΑΣ,"c_kapetanos@yahoo.gr
chr.kapetanos@parliament.gr
http://www.christos-kapetanos.gr"
ΝΕΑ ΔΗΜΟΚΡΑΤΙΑ,Καππάτος Σπυρίδωνος - Διονυσίου Παναγής,ΚΕΦΑΛΛΗΝΙΑΣ,"pkappato@otenet.gr
p.kappatos@parliament.gr"
ΠΛΕΥΣΗ ΕΛΕΥΘΕΡΙΑΣ-ΖΩΗ ΚΩΝΣΤΑΝΤΟΠΟΥΛΟΥ,Καραγεωργοπούλου Γεωργίου Ελένη,Α΄ΑΝΑΤΟΛΙΚΗΣ ΑΤΤΙΚΗΣ,
ΝΕΑ ΔΗΜΟΚΡΑΤΙΑ,Καραγκούνης Ανδρέα Κωνσταντίνος,ΑΙΤΩΛΟΑΚΑΡΝΑΝΙΑΣ,kkaragounis@gmail.com
ΚΟΜΜΟΥΝΙΣΤΙΚΟ ΚΟΜΜΑ ΕΛΛΑΔΑΣ,Καραθανασόπουλος Πέτρου Νικόλαος,ΑΧΑΪΑΣ,kke@parliament.gr
ΝΕΑ ΔΗΜΟΚΡΑΤΙΑ,Καραμανλή Αρκαδίου Άννα,Β3΄ΝΟΤΙΟΥ ΤΟΜΕΑ ΑΘΗΝΩΝ,karamanlia@yahoo.gr
ΝΕΑ ΔΗΜΟΚΡΑΤΙΑ,Καραμανλής Αχιλλέα Κωνσταντίνος,ΣΕΡΡΩΝ,"info@kostaskaramanlis.gr
http://www.kostaskaramanlis.gr"
ΣΥΝΑΣΠΙΣΜΟΣ ΡΙΖΟΣΠΑΣΤΙΚΗΣ ΑΡΙΣΤΕΡΑΣ - ΠΡΟΟΔΕΥΤΙΚΗ  ΣΥΜΜΑΧΙΑ ,Καραμέρος Παναγιώτη Γεώργιος,Α΄ΑΝΑΤΟΛΙΚΗΣ ΑΤΤΙΚΗΣ,"g.karameros@parliament.gr
karameros114@gmail.com
https://karameros.gr/"
ΝΕΑ ΔΗΜΟΚΡΑΤΙΑ,Καραμπατσώλη Θεοδώρου Κωνσταντίνα,ΕΥΒΟΙΑΣ,"k.karampatsoli@parliament.gr
info@kkarabatsolilaw.gr"
ΠΛΕΥΣΗ ΕΛΕΥΘΕΡΙΑΣ-ΖΩΗ ΚΩΝΣΤΑΝΤΟΠΟΥΛΟΥ,Καραναστάσης Ιωάννη Αδαμάντιος,Α' ΑΘΗΝΩΝ,
ΝΕΑ ΔΗΜΟΚΡΑΤΙΑ,Καράογλου Γεωργίου Θεόδωρος,Β' ΘΕΣΣΑΛΟΝΙΚΗΣ,"info@karaoglou.gr

th.karaoglou@parliament.gr
http://www.karaoglou.gr


Facebook:
www.facebook.com/Th.Karaoglou"
ΝΕΑ ΔΗΜΟΚΡΑΤΙΑ,Καρασμάνης Αθανασίου Γεώργιος,ΠΕΛΛΗΣ,karasmanis@parliament.gr
ΣΥΝΑΣΠΙΣΜΟΣ ΡΙΖΟΣΠΑΣΤΙΚΗΣ ΑΡΙΣΤΕΡΑΣ - ΠΡΟΟΔΕΥΤΙΚΗ  ΣΥΜΜΑΧΙΑ ,Κασιμάτη Γεωργίου Ειρήνη (Νίνα),Β' ΠΕΙΡΑΙΩΣ,"kasimati@parliament.gr
kasimati.office@gmail.com"
ΠΑΣΟΚ-ΚΙΝΗΜΑ ΑΛΛΑΓΗΣ,Κατρίνης Ιωάννη Μιχαήλ,ΗΛΕΙΑΣ,"ilia@katrinis.gr
katrinis@parliament.gr
http://www.katrinis.gr"
ΝΕΑ ΔΗΜΟΚΡΑΤΙΑ,Κατσανιώτης Ιωάννη Ανδρέας,ΑΧΑΪΑΣ,"katsaniotis.info@gmail.com
http://www.andreaskatsaniotis.gr"
ΝΕΑ ΔΗΜΟΚΡΑΤΙΑ,Κατσαφάδος Ιωάννη Κωνσταντίνος,Α' ΠΕΙΡΑΙΩΣ,katsafados@gmail.com
ΑΝΕΞΑΡΤΗΤΟΙ,Κατσιβαρδάς Βασιλείου Χαράλαμπος,Β1' ΒΟΡΕΙΟΥ ΤΟΜΕΑ ΑΘΗΝΩΝ,
ΚΟΜΜΟΥΝΙΣΤΙΚΟ ΚΟΜΜΑ ΕΛΛΑΔΑΣ,Κατσώτης Περικλή Χρήστος,Β3΄ΝΟΤΙΟΥ ΤΟΜΕΑ ΑΘΗΝΩΝ,kke@parliament.gr
ΝΕΑ ΔΗΜΟΚΡΑΤΙΑ,Καφούρος Εμμανουήλ Μάρκος,ΚΥΚΛΑΔΩΝ,"m.kafouros@parliament.gr
www.markoskafouros.gr"
ΣΥΝΑΣΠΙΣΜΟΣ ΡΙΖΟΣΠΑΣΤΙΚΗΣ ΑΡΙΣΤΕΡΑΣ - ΠΡΟΟΔΕΥΤΙΚΗ  ΣΥΜΜΑΧΙΑ ,Κεδίκογλου Άγγελου Συμεών,ΕΥΒΟΙΑΣ,"s.kedikoglou@parliament.gr
http://www.symeonkedikoglou.gr"
ΝΕΑ ΔΗΜΟΚΡΑΤΙΑ,Κεδίκογλου Βασιλείου Συμεών (Σίμος),ΕΥΒΟΙΑΣ,"info@kedikoglou.gr
http://www.kedikoglou.gr"
ΝΕΑ ΔΗΜΟΚΡΑΤΙΑ,Κελέτσης Δημητρίου Σταύρος,ΕΒΡΟΥ,"s.keletsis@parliament.gr
https://keletsis.blogspot.com/"
ΝΕΑ ΔΗΜΟΚΡΑΤΙΑ,Κέλλας Αχιλλέα Χρήστος,ΛΑΡΙΣΑΣ,"kellas.xristos@gmail.com
http://www.kellasxristos.gr"
ΝΕΑ ΔΗΜΟΚΡΑΤΙΑ,Κεραμέως Κωνσταντίνου Νίκη,Β1' ΒΟΡΕΙΟΥ ΤΟΜΕΑ ΑΘΗΝΩΝ,"info@nikikerameus.gr
https://metiniki.gr/"
ΠΛΕΥΣΗ ΕΛΕΥΘΕΡΙΑΣ-ΖΩΗ ΚΩΝΣΤΑΝΤΟΠΟΥΛΟΥ,Κεφαλά Ηλία Γεωργία (Τζώρτζια),Β2' ΔΥΤΙΚΟΥ ΤΟΜΕΑ ΑΘΗΝΩΝ,
ΝΕΑ ΔΗΜΟΚΡΑΤΙΑ,Κεφάλα Στεφάνου Μαρία - Αλεξάνδρα,ΙΩΑΝΝΙΝΩΝ,mar.kefala@parliament.gr
ΝΕΑ ΔΗΜΟΚΡΑΤΙΑ,Κεφαλογιάννη Ιωάννη Όλγα,Α' ΑΘΗΝΩΝ,"ol.kefalogianni@parliament.gr
http://www.olgakefalogianni.gr/"
ΝΕΑ ΔΗΜΟΚΡΑΤΙΑ,Κεφαλογιάννης Αχιλλέα Ιωάννης,ΡΕΘΥΜΝΗΣ,"g.kefalogiannis@parliament.gr
http://www.gianniskefalogiannis.gr"
ΝΕΑ ΔΗΜΟΚΡΑΤΙΑ,Κεφαλογιάννης Βασιλείου Κωνσταντίνος,ΗΡΑΚΛΕΙΟΥ,
ΝΕΑ ΔΗΜΟΚΡΑΤΙΑ,Κικίλιας Παναγιώτη Βασίλειος,Α' ΑΘΗΝΩΝ,"vassilis.kikilias@kikilias.gr
http://www.kikilias.gr"
ΣΥΝΑΣΠΙΣΜΟΣ ΡΙΖΟΣΠΑΣΤΙΚΗΣ ΑΡΙΣΤΕΡΑΣ - ΠΡΟΟΔΕΥΤΙΚΗ  ΣΥΜΜΑΧΙΑ ,Κόκκαλης Κωνσταντίνου Βασίλειος,ΛΑΡΙΣΑΣ,"vkokkalhs@gmail.com
v.kokkalis@parliament.gr"
ΚΟΜΜΟΥΝΙΣΤΙΚΟ ΚΟΜΜΑ ΕΛΛΑΔΑΣ,Κομνηνάκα Αποστόλου Μαρία,ΛΕΣΒΟΥ,m.komninaka@parliament.gr
ΝΕΑ ΔΗΜΟΚΡΑΤΙΑ,Κόνσολας Νικία Εμμανουήλ,ΔΩΔΕΚΑΝΗΣΟΥ,"konsolasmanos@gmail.com
http://www.konsolas.gr/"
ΣΠΑΡΤΙΑΤΕΣ,Κόντης Νικολάου Ιωάννης,Α' ΘΕΣΣΑΛΟΝΙΚΗΣ,
ΣΥΝΑΣΠΙΣΜΟΣ ΡΙΖΟΣΠΑΣΤΙΚΗΣ ΑΡΙΣΤΕΡΑΣ - ΠΡΟΟΔΕΥΤΙΚΗ  ΣΥΜΜΑΧΙΑ ,Κοντοτόλη Γεωργίου Μαρίνα,ΤΡΙΚΑΛΩΝ,"m.kontotoli@parliament.gr
marinakontotoli.press@gmail.com"
ΕΛΛΗΝΙΚΗ ΛΥΣΗ - ΚΥΡΙΑΚΟΣ ΒΕΛΟΠΟΥΛΟΣ,Κοτίδης Στυλιανού Βασίλειος,ΗΜΑΘΙΑΣ,vkotidis@yahoo.gr
ΝΕΑ ΔΗΜΟΚΡΑΤΙΑ,Κοτρωνιάς Νικολάου Γεώργιος,ΦΘΙΩΤΙΔΑΣ,"kotroniasg@gmail.com
g.kotronias@parliament.gr"
ΝΕΑ ΔΗΜΟΚΡΑΤΙΑ,Κούβελας Σωτηρίου Δημήτριος,Α' ΘΕΣΣΑΛΟΝΙΚΗΣ,"kouvelas@dkouvelas.gr
https://www.dkouvelas.gr/"
ΠΑΣΟΚ-ΚΙΝΗΜΑ ΑΛΛΑΓΗΣ,Κουκουλόπουλος Δημητρίου Παρασκευάς (Πάρις),ΚΟΖΑΝΗΣ,p.koukoulopoulos@parliament.gr
ΝΕΑ ΔΗΜΟΚΡΑΤΙΑ,Κουλκουδίνας Ευριπίδη Σπυρίδων,ΠΙΕΡΙΑΣ,"spiroskoulkoudinas@gmail.com

sp.koulkoudinas@parliament.gr
www.koulkoudinas.gr"
ΕΛΛΗΝΙΚΗ ΛΥΣΗ - ΚΥΡΙΑΚΟΣ ΒΕΛΟΠΟΥΛΟΣ,Κουπελόγλου Σάββα Συμεών,Α' ΘΕΣΣΑΛΟΝΙΚΗΣ,"s.koupeloglou@parliament.gr
kopeloglousimos@gmail.com"
"ΔΗΜΟΚΡΑΤΙΚΟ ΠΑΤΡΙΩΤΙΚΟ ΚΙΝΗΜΑ ""ΝΙΚΗ""",Κουρουπάκη Ιωάννη Ασπασία,Β1' ΒΟΡΕΙΟΥ ΤΟΜΕΑ ΑΘΗΝΩΝ,"a.kouroupaki@parliament.gr
nikh@parliament.gr"
ΚΟΜΜΟΥΝΙΣΤΙΚΟ ΚΟΜΜΑ ΕΛΛΑΔΑΣ,Κουτσούμπας Αποστόλου Δημήτριος,Β1' ΒΟΡΕΙΟΥ ΤΟΜΕΑ ΑΘΗΝΩΝ,kke@parliament.gr
ΝΕΑ ΔΗΜΟΚΡΑΤΙΑ,Κρητικός Δημοσθένη Νεοκλής,ΛΑΚΩΝΙΑΣ,"neokliskritikos@gmail.com
n.krhtikos@parliament.gr"
ΚΟΜΜΟΥΝΙΣΤΙΚΟ ΚΟΜΜΑ ΕΛΛΑΔΑΣ,Κτενά Θεοφύλακτου Αφροδίτη,Β1' ΒΟΡΕΙΟΥ ΤΟΜΕΑ ΑΘΗΝΩΝ,
ΝΕΑ ΔΗΜΟΚΡΑΤΙΑ,Κτιστάκης Νικολάου Ελευθέριος,ΒΟΙΩΤΙΑΣ,"e.ktistakis@parliament.gr
Lktistakis@yahoo.gr"
ΝΕΑ ΔΗΜΟΚΡΑΤΙΑ,Κυρανάκης Ιωάννη - Παναγιώτη Κωνσταντίνος,Β3΄ΝΟΤΙΟΥ ΤΟΜΕΑ ΑΘΗΝΩΝ,"konstantinos@kyranakis.gr
http://www.kyranakis.gr"
ΝΕΑ ΔΗΜΟΚΡΑΤΙΑ,Κυριαζίδης Τριαντάφυλλου Δημήτριος,ΔΡΑΜΑΣ,"dimitris@kyriazidis.com
www.kyriazidis.com"
ΝΕΑ ΔΗΜΟΚΡΑΤΙΑ,Κυριάκης Γεωργίου Σπυρίδων,ΠΡΕΒΕΖΑΣ,"kyriakisnd@gmail.com
www.kyriakis.gr"
ΝΕΑ ΔΗΜΟΚΡΑΤΙΑ,Κωνσταντινίδης Κωνσταντίνου Ευστάθιος,ΚΟΖΑΝΗΣ,s.konstantinidis@parliament.gr
ΠΑΣΟΚ-ΚΙΝΗΜΑ ΑΛΛΑΓΗΣ,Κωνσταντινόπουλος Κωνσταντίνου Οδυσσέας,ΑΡΚΑΔΙΑΣ,"press.odysseas@gmail.com
https://odysseaskonstantinopoulos.gr/"
ΠΛΕΥΣΗ ΕΛΕΥΘΕΡΙΑΣ-ΖΩΗ ΚΩΝΣΤΑΝΤΟΠΟΥΛΟΥ,Κωνσταντοπούλου Νικολάου Ζωή,Β1' ΒΟΡΕΙΟΥ ΤΟΜΕΑ ΑΘΗΝΩΝ,
ΝΕΑ ΔΗΜΟΚΡΑΤΙΑ,Κώτσηρας Αναστασίου Γεώργιος,Β΄ΔΥΤΙΚΗΣ ΑΤΤΙΚΗΣ,g.kotsiras@parliament.gr
ΝΕΑ ΔΗΜΟΚΡΑΤΙΑ,Κωτσός Κωνσταντίνου Γεώργιος,ΚΑΡΔΙΤΣΑΣ,"g.kotsos@outlook.com
info@giorgoskotsos.gr
https://www.giorgoskotsos.gr/"
ΝΕΑ ΔΗΜΟΚΡΑΤΙΑ,Λαζαρίδης Βασιλείου Μακάριος,ΚΑΒΑΛΑΣ,"m.lazaridis@parliament.gr
https://www.mlazaridis.gr/.html"
ΝΕΑ ΔΗΜΟΚΡΑΤΙΑ,Λαμπρόπουλος Δημητρίου Ιωάννης,ΜΕΣΣΗΝΙΑΣ,"lampropoulos@parliament.gr
lampropk@otenet.gr"
ΚΟΜΜΟΥΝΙΣΤΙΚΟ ΚΟΜΜΑ ΕΛΛΑΔΑΣ,Λαμπρούλης Αριστείδη Γεώργιος,ΛΑΡΙΣΑΣ,"kke@parliament.gr
lab_giorgos@hotmail.gr"
ΝΕΑ ΔΗΜΟΚΡΑΤΙΑ,Λεονταρίδης Χρήστου Θεόφιλος,ΣΕΡΡΩΝ,"leontaridis@parliament.gr
http://www.leontaridis-theofilos.gr"
ΝΕΑ ΔΗΜΟΚΡΑΤΙΑ,Λιάκος Γεωργίου Ευάγγελος,Β΄ΔΥΤΙΚΗΣ ΑΤΤΙΚΗΣ,"evangelos@liakosev.gr
http://liakosev.gr/"
ΠΑΣΟΚ-ΚΙΝΗΜΑ ΑΛΛΑΓΗΣ,Λιακούλη Θεοφάνη Ευαγγελία,ΛΑΡΙΣΑΣ,"e.liakouli@parliament.gr
http://www.liakouli.gr"
ΝΕΑ ΔΗΜΟΚΡΑΤΙΑ,Λιβανός Ιωάννη Μιχαήλ,Β' ΠΕΙΡΑΙΩΣ,"mlivanosgr@yahoo.com
m.livanos@parliament.gr"
ΑΝΕΞΑΡΤΗΤΟΙ,Λινού Κωνσταντίνου Αθηνά,Β1' ΒΟΡΕΙΟΥ ΤΟΜΕΑ ΑΘΗΝΩΝ,"info@linou.gr
a.linou@parliament.gr"
ΝΕΑ ΔΗΜΟΚΡΑΤΙΑ,Λιούτας Αχιλλέως Αθανάσιος,ΤΡΙΚΑΛΩΝ,athanasioslioutas4@gmail.com
ΝΕΑ ΔΗΜΟΚΡΑΤΙΑ,Λοβέρδος Πέτρου Ιωάννης - Μιχαήλ (Γιάννης),Β2' ΔΥΤΙΚΟΥ ΤΟΜΕΑ ΑΘΗΝΩΝ,"jloverdos3@yahoo.gr
i.loverdos@parliament.gr
https://yiannisloverdos.gr"
ΝΕΑ ΔΗΜΟΚΡΑΤΙΑ,Λυτρίβη Δημητρίου Ιωάννα,ΕΠΙΚΡΑΤΕΙΑΣ,i.lytrivi@parliament.gr
ΝΕΑ ΔΗΜΟΚΡΑΤΙΑ,Μακρή Μιχαήλ Ζωή (Ζέττα),ΜΑΓΝΗΣΙΑΣ,"zetta.makri@parliament.gr
zettamakri@yahoo.gr
http://www.zettamakri.gr"
ΑΝΕΞΑΡΤΗΤΟΙ,Μάλαμα Ιωάννη Κυριακή,ΧΑΛΚΙΔΙΚΗΣ,https://www.malama-kiriaki.com/
ΣΥΝΑΣΠΙΣΜΟΣ ΡΙΖΟΣΠΑΣΤΙΚΗΣ ΑΡΙΣΤΕΡΑΣ - ΠΡΟΟΔΕΥΤΙΚΗ  ΣΥΜΜΑΧΙΑ ,Μαμουλάκης Αντωνίου Χαράλαμπος (Χάρης),ΗΡΑΚΛΕΙΟΥ,"ch.mamoulakis@parliament.gr
http://www.mamoulakis.gr"
ΝΕΑ ΔΗΜΟΚΡΑΤΙΑ,Μάνη-Παπαδημητρίου Ευαγγέλου Άννα,ΠΙΕΡΙΑΣ,"annamanipapa@gmail.com
a.mani@parliament.gr"
ΑΝΕΞΑΡΤΗΤΟΙ,Μανούσος Εμμανουήλ Γεώργιος,Β2' ΔΥΤΙΚΟΥ ΤΟΜΕΑ ΑΘΗΝΩΝ,g.manousos@parliament.gr
ΝΕΑ ΔΗΜΟΚΡΑΤΙΑ,Μαντάς Παντελή Περικλής,ΜΕΣΣΗΝΙΑΣ,"p.mantas@parliament.gr
pmantas.grammateia@gmail.com
http://www.periklismantas.gr"
ΠΑΣΟΚ-ΚΙΝΗΜΑ ΑΛΛΑΓΗΣ,Μάντζος Σωτηρίου Δημήτριος,ΕΠΙΚΡΑΤΕΙΑΣ,d.mantzos@parliament.gr
ΚΟΜΜΟΥΝΙΣΤΙΚΟ ΚΟΜΜΑ ΕΛΛΑΔΑΣ,Μανωλάκου Εμμανουήλ Διαμάντω,Β' ΠΕΙΡΑΙΩΣ,kke@parliament.gr
ΚΟΜΜΟΥΝΙΣΤΙΚΟ ΚΟΜΜΑ ΕΛΛΑΔΑΣ,Μαρίνος Βασιλείου Γεώργιος,ΕΥΒΟΙΑΣ,gmarinos@parliament.gr
ΝΕΑ ΔΗΜΟΚΡΑΤΙΑ,Μαρκογιαννάκης Εμμανουήλ Αλέξανδρος,ΧΑΝΙΩΝ,"alexmarkogiannakis@gmail.com
www.markogiannakis.gr"
ΝΕΑ ΔΗΜΟΚΡΑΤΙΑ,Μαρκόπουλος Κωνσταντίνου Δημήτριος,Β' ΠΕΙΡΑΙΩΣ,"markopoulos.grafeio@gmail.com
markopoulo@gmail.com
d.markopoulos@parliament.gr"
ΣΥΝΑΣΠΙΣΜΟΣ ΡΙΖΟΣΠΑΣΤΙΚΗΣ ΑΡΙΣΤΕΡΑΣ - ΠΡΟΟΔΕΥΤΙΚΗ  ΣΥΜΜΑΧΙΑ ,Μεϊκόπουλος Μιχαήλ Αλέξανδρος,ΜΑΓΝΗΣΙΑΣ,"alexandros.meikopoulos@gmail.com
ameikopoulos@parliament.gr
http://www.meikopoulos.gr"
ΚΟΜΜΟΥΝΙΣΤΙΚΟ ΚΟΜΜΑ ΕΛΛΑΔΑΣ,Μεταξάς Δημητρίου Κωνσταντίνος Βασίλειος,ΜΑΓΝΗΣΙΑΣ,
ΝΕΑ ΔΗΜΟΚΡΑΤΙΑ,Μηταράκης Αντωνίου Παναγιώτης (Νότης),ΧΙΟΥ,"contact@mitarakis.gr
http://www.mitarakis.gr/"
ΝΕΑ ΔΗΜΟΚΡΑΤΙΑ,Μητσοτάκης Κωνσταντίνου Κυριάκος,Α' ΘΕΣΣΑΛΟΝΙΚΗΣ,"kyriakos@parliament.gr
http://www.kmitsotakis.gr"
ΠΑΣΟΚ-ΚΙΝΗΜΑ ΑΛΛΑΓΗΣ,Μιχαηλίδης Γ. Σταύρος,ΧΙΟΥ,st.michailidis@parliament.gr
ΝΕΑ ΔΗΜΟΚΡΑΤΙΑ,Μιχαηλίδου Αριστείδη Δόμνα-Μαρία,Α' ΠΕΙΡΑΙΩΣ,"info@domna.gr
www.domna.gr"
ΝΕΑ ΔΗΜΟΚΡΑΤΙΑ,Μονογυιού Μιχαήλ Αικατερίνη,ΚΥΚΛΑΔΩΝ,"katerinamonogiou@gmail.com
k.monogiou@parliament.gr
https://www.katerinamonogiou.gr"
ΠΑΣΟΚ-ΚΙΝΗΜΑ ΑΛΛΑΓΗΣ,Μουλκιώτης Βασιλείου Γεώργιος,ΒΟΙΩΤΙΑΣ,"g.moulkiotis@parliament.gr
gmoulk@otenet.gr"
ΝΕΑ ΔΗΜΟΚΡΑΤΙΑ,Μπακογιάννη Κωνσταντίνου Θεοδώρα (Ντόρα),ΧΑΝΙΩΝ,"gram@dorabak.gr
chania@dorabak.gr
http://www.dorabak.gr"
ΝΕΑ ΔΗΜΟΚΡΑΤΙΑ,Μπαραλιάκος Ελευθερίου Ξενοφών (Φώντας),ΠΙΕΡΙΑΣ,"fbaraliakos.office@gmail.com
f.mparaliakos@parliament.gr
https://fontasbaraliakos.gr/"
ΑΝΕΞΑΡΤΗΤΟΙ,Μπαράν Νετζαντή Μπουρχάν,ΞΑΝΘΗΣ,m.mparan@parliament.gr
ΣΥΝΑΣΠΙΣΜΟΣ ΡΙΖΟΣΠΑΣΤΙΚΗΣ ΑΡΙΣΤΕΡΑΣ - ΠΡΟΟΔΕΥΤΙΚΗ  ΣΥΜΜΑΧΙΑ ,Μπάρκας Θεοφάνη Κωνσταντίνος,ΠΡΕΒΕΖΑΣ,"barkas@parliament.gr
barkaskon@gmail.com
kostasbarkas.gr"
ΝΕΑ ΔΗΜΟΚΡΑΤΙΑ,Μπαρτζώκας Στεργίου Αναστάσιος,ΗΜΑΘΙΑΣ,"tasosbartzokas@gmail.com
a.mpartzokas@parliament.gr
http://tasosbartzokas.blogspot.com/"
ΠΑΣΟΚ-ΚΙΝΗΜΑ ΑΛΛΑΓΗΣ,Μπιάγκης Σπυρίδωνος Δημήτριος,ΚΕΡΚΥΡΑΣ,dimitrisbiaghis@gmail.com
ΠΛΕΥΣΗ ΕΛΕΥΘΕΡΙΑΣ-ΖΩΗ ΚΩΝΣΤΑΝΤΟΠΟΥΛΟΥ,Μπιμπίλας Κωνσταντίνου Σπυρίδων,Β3΄ΝΟΤΙΟΥ ΤΟΜΕΑ ΑΘΗΝΩΝ,
ΝΕΑ ΔΗΜΟΚΡΑΤΙΑ,Μπούγας Δημητρίου Ιωάννης,ΦΩΚΙΔΑΣ,"j.bougas@parliament.gr
mpougas1@otenet.gr
http://www.ibougas.gr"
ΝΕΑ ΔΗΜΟΚΡΑΤΙΑ,Μπουκώρος Γεωργίου Χρήστος,ΜΑΓΝΗΣΙΑΣ,"boukoros.office@gmail.com
chboukoros@gmail.com"
ΕΛΛΗΝΙΚΗ ΛΥΣΗ - ΚΥΡΙΑΚΟΣ ΒΕΛΟΠΟΥΛΟΣ,Μπούμπας Ιωάννη Κωνσταντίνος,ΣΕΡΡΩΝ,mpoumpask@hotmail.com
ΝΕΑ ΔΗΜΟΚΡΑΤΙΑ,Μπούρας Κωνσταντίνου Αθανάσιος,Β΄ΔΥΤΙΚΗΣ ΑΤΤΙΚΗΣ,"bouras@parliament.gr
http://www.bouras.gr/"
"ΔΗΜΟΚΡΑΤΙΚΟ ΠΑΤΡΙΩΤΙΚΟ ΚΙΝΗΜΑ ""ΝΙΚΗ""",Νατσιός Ιωάννη Δημήτριος,Α' ΘΕΣΣΑΛΟΝΙΚΗΣ,"d.natsios@parliament.gr
nikh@parliament.gr"
ΠΑΣΟΚ-ΚΙΝΗΜΑ ΑΛΛΑΓΗΣ,Νικητιάδης Νικολάου Γεώργιος,ΔΩΔΕΚΑΝΗΣΟΥ,"nikitiades@parliament.gr
www.nikitiades.gr"
ΠΑΣΟΚ-ΚΙΝΗΜΑ ΑΛΛΑΓΗΣ,Νικολαϊδης Γεωργίου Αναστάσιος (Τάσος),ΔΡΑΜΑΣ,"t.nikolaidis@parliament.gr
www.nikolaidistasos.gr"
ΝΕΑ ΔΗΜΟΚΡΑΤΙΑ,Νικολακόπουλος Θεοδώρου Ανδρέας,ΗΛΕΙΑΣ,"a.nikolakopoulos@parliament.gr
https://andreasnikolakopoulos.gr/"
ΣΥΝΑΣΠΙΣΜΟΣ ΡΙΖΟΣΠΑΣΤΙΚΗΣ ΑΡΙΣΤΕΡΑΣ - ΠΡΟΟΔΕΥΤΙΚΗ  ΣΥΜΜΑΧΙΑ ,Νοτοπούλου Παναγιώτη Αικατερίνη (Κατερίνα),Α' ΘΕΣΣΑΛΟΝΙΚΗΣ,"k.notopoulou@parliament.gr
https://katerinanotopoulou.gr/"
ΣΥΝΑΣΠΙΣΜΟΣ ΡΙΖΟΣΠΑΣΤΙΚΗΣ ΑΡΙΣΤΕΡΑΣ - ΠΡΟΟΔΕΥΤΙΚΗ  ΣΥΜΜΑΧΙΑ ,Ξανθόπουλος Σάββα Θεόφιλος,ΔΡΑΜΑΣ,"theophilosxanthopoulos@gmail.com
th.xanthopoulos@parliament.gr
http://www.xanthopoulostheofilos.gr"
"ΔΗΜΟΚΡΑΤΙΚΟ ΠΑΤΡΙΩΤΙΚΟ ΚΙΝΗΜΑ ""ΝΙΚΗ""",Οικονομόπουλος Παναγιώτη Τάσος,Α΄ΑΝΑΤΟΛΙΚΗΣ ΑΤΤΙΚΗΣ,"t.oikonomopoulos@parliament.gr
nikh@parliament.gr"
ΝΕΑ ΔΗΜΟΚΡΑΤΙΑ,Οικονόμου Αθανασίου Βασίλειος,Α΄ΑΝΑΤΟΛΙΚΗΣ ΑΤΤΙΚΗΣ,"b.oikonomou@parliament.gr
http://www.oikonomoub.gr"
ΝΕΑ ΔΗΜΟΚΡΑΤΙΑ,Οικονόμου Γεωργίου Θωμαΐς (Τζίνα),ΕΥΡΥΤΑΝΙΑΣ,"contact@thomaisoikonomou.gr
https://www.thomaisoikonomou.gr/"
ΝΕΑ ΔΗΜΟΚΡΑΤΙΑ,Οικονόμου Δημητρίου Ιωάννης,ΦΘΙΩΤΙΔΑΣ,yoikonomou@gmail.com
ΣΥΝΑΣΠΙΣΜΟΣ ΡΙΖΟΣΠΑΣΤΙΚΗΣ ΑΡΙΣΤΕΡΑΣ - ΠΡΟΟΔΕΥΤΙΚΗ  ΣΥΜΜΑΧΙΑ ,Παναγιωτόπουλος Αντωνίου Ανδρέας,ΑΧΑΪΑΣ,":
a.panagiotopoulos@parliament.gr
an.panagiotopoulos.mpoffice@gmail.com
https://andreaspanagiotopoulos.gr"
ΝΕΑ ΔΗΜΟΚΡΑΤΙΑ,Παναγιωτόπουλος Ιωάννη Νικόλαος,ΚΑΒΑΛΑΣ,"nikos.i.panagiotopoulos@gmail.com
npanagiotopoulos@parliament.gr
http://www.npanagiotopoulos.gr"
ΠΑΣΟΚ-ΚΙΝΗΜΑ ΑΛΛΑΓΗΣ,Πάνας Νικολάου Απόστολος,ΧΑΛΚΙΔΙΚΗΣ,"a.panas@parliament.gr
http://www.apostolospanas.gr/"
ΕΛΛΗΝΙΚΗ ΛΥΣΗ - ΚΥΡΙΑΚΟΣ ΒΕΛΟΠΟΥΛΟΣ,Παπαδάκης Χρήστου Παράσχος,ΕΒΡΟΥ,
ΝΕΑ ΔΗΜΟΚΡΑΤΙΑ,Παπαδόπουλος Γεωργίου Μιχάλης,ΚΟΖΑΝΗΣ,mpapadopoulos.nd@gmail.com
"ΔΗΜΟΚΡΑΤΙΚΟ ΠΑΤΡΙΩΤΙΚΟ ΚΙΝΗΜΑ ""ΝΙΚΗ""",Παπαδόπουλος Δημητρίου Νικόλαος,Β' ΘΕΣΣΑΛΟΝΙΚΗΣ,"ndpapadopoulos@parliament.gr
nikh@parliament.gr"
ΣΥΝΑΣΠΙΣΜΟΣ ΡΙΖΟΣΠΑΣΤΙΚΗΣ ΑΡΙΣΤΕΡΑΣ - ΠΡΟΟΔΕΥΤΙΚΗ  ΣΥΜΜΑΧΙΑ ,Παπαηλιού Ηλία Γεώργιος,ΑΡΚΑΔΙΑΣ,"g.papailiou@parliament.gr
papailiu@otenet.gr"
ΝΕΑ ΔΗΜΟΚΡΑΤΙΑ,Παπαθανάσης Δαμιανού Αθανάσιος,ΑΙΤΩΛΟΑΚΑΡΝΑΝΙΑΣ,"thanasispapathanasis@gmail.com
apapathanasis.aitwl@gmail.com
https://papathanasis.com/"
ΝΕΑ ΔΗΜΟΚΡΑΤΙΑ,Παπαθανάσης Χρήστου Νικόλαος (Νίκος),Β1' ΒΟΡΕΙΟΥ ΤΟΜΕΑ ΑΘΗΝΩΝ,"info@nikospapathanasis.gr
http://www.nikospapathanasis.gr/"
ΑΝΕΞΑΡΤΗΤΟΙ,Παπαϊωάννου Ιωάννη Αρετή,Β' ΘΕΣΣΑΛΟΝΙΚΗΣ,
ΝΕΑ ΔΗΜΟΚΡΑΤΙΑ,Παπακώστα - Παλιούρα Δημητρίου Αικατερίνη (Κατερίνα),ΤΡΙΚΑΛΩΝ,"info@papakostakaterina.gr
k.papakosta@parliament.gr
https://www.papakostakaterina.gr/"
ΚΟΜΜΟΥΝΙΣΤΙΚΟ ΚΟΜΜΑ ΕΛΛΑΔΑΣ,Παπαναστάσης Αθανασίου Νικόλαος,ΑΙΤΩΛΟΑΚΑΡΝΑΝΙΑΣ,n.papanastasis@parliament.gr
ΠΑΣΟΚ-ΚΙΝΗΜΑ ΑΛΛΑΓΗΣ,Παπανδρέου Ανδρέα Γεώργιος,ΑΧΑΪΑΣ,http://www.papandreou.gr
ΝΕΑ ΔΗΜΟΚΡΑΤΙΑ,Παπάς Αστερίου Θεοφάνης (Φάνης),Β' ΘΕΣΣΑΛΟΝΙΚΗΣ,"info@fanispapas.gr
www.fanispapas.gr"
ΝΕΑ ΔΗΜΟΚΡΑΤΙΑ,Παπασωτηρίου Γεωργίου Σταύρος,ΦΛΩΡΙΝΑΣ,"st.papasotiriou@parliament.gr
papasotirioustav@gmail.com"
ΝΕΑ ΔΗΜΟΚΡΑΤΙΑ,Παππάς Κωνσταντίνου Ιωάννης,ΔΩΔΕΚΑΝΗΣΟΥ,"ioannis.pappas@parliament.gr
pappas12.nd@gmail.com"
ΣΥΝΑΣΠΙΣΜΟΣ ΡΙΖΟΣΠΑΣΤΙΚΗΣ ΑΡΙΣΤΕΡΑΣ - ΠΡΟΟΔΕΥΤΙΚΗ  ΣΥΜΜΑΧΙΑ ,Παππάς Στυλιανού Νικόλαος,Β3΄ΝΟΤΙΟΥ ΤΟΜΕΑ ΑΘΗΝΩΝ,"npappas@parliament.gr
http://npappas.gr/"
ΑΝΕΞΑΡΤΗΤΟΙ,Παππάς Μιχαήλ Πέτρος,ΚΙΛΚΙΣ,"p.pappas@parliament.gr
Petrospappas306@gmail.com
www.petrospappas.gr"
ΠΑΣΟΚ-ΚΙΝΗΜΑ ΑΛΛΑΓΗΣ,Παρασκευαΐδης Χαριλάου Παναγιώτης,ΛΕΣΒΟΥ,
ΠΑΣΟΚ-ΚΙΝΗΜΑ ΑΛΛΑΓΗΣ,Παραστατίδης Θεοδώρου Στέφανος,ΚΙΛΚΙΣ,"st.parastatidis@parliament.gr
www.parastatidis-stefanos.gr"
ΠΑΣΟΚ-ΚΙΝΗΜΑ ΑΛΛΑΓΗΣ,Παρασύρης Γεωργίου Φραγκίσκος (Φρέντυ),ΗΡΑΚΛΕΙΟΥ,"parasiriseu@gmail.com
fparasiris@parliament.gr
http://www.fparasiris.gr"
ΝΕΑ ΔΗΜΟΚΡΑΤΙΑ,Πασχαλίδης Αδάμ Ιωάννης,ΚΑΒΑΛΑΣ,"i.paschalidis@parliament.gr
giannispasxalidis@gmail.com
http://giannispasxalidis.blogspot.gr"
ΚΟΜΜΟΥΝΙΣΤΙΚΟ ΚΟΜΜΑ ΕΛΛΑΔΑΣ,Παφίλης Σπυρίδωνα Αθανάσιος,ΕΠΙΚΡΑΤΕΙΑΣ,tpafilis@parliament.gr
ΝΕΑ ΑΡΙΣΤΕΡΑ,Πέρκα Χαράλαμπου Θεοπίστη (Πέτη),ΦΛΩΡΙΝΑΣ,p.perka@parliament.gr
ΝΕΑ ΔΗΜΟΚΡΑΤΙΑ,Πέτσας Λεωνίδα Στυλιανός (Στέλιος),Α΄ΑΝΑΤΟΛΙΚΗΣ ΑΤΤΙΚΗΣ,info@stelios-petsas.gr
ΝΕΑ ΔΗΜΟΚΡΑΤΙΑ,Πιερρακάκης Στεφάνου Κυριάκος,Α' ΑΘΗΝΩΝ,
ΝΕΑ ΔΗΜΟΚΡΑΤΙΑ,Πλακιωτάκης Ιωσήφ Ιωάννης,ΛΑΣΙΘΙΟΥ,"vice.president_a@parliament.gr
plakiotakisgiannis@gmail.com"
ΝΕΑ ΔΗΜΟΚΡΑΤΙΑ,Πλεύρης Κωνσταντίνου Αθανάσιος,Α' ΑΘΗΝΩΝ,"thanosplevris@parliament.gr
www.thanosplevris.gr"
ΣΥΝΑΣΠΙΣΜΟΣ ΡΙΖΟΣΠΑΣΤΙΚΗΣ ΑΡΙΣΤΕΡΑΣ - ΠΡΟΟΔΕΥΤΙΚΗ  ΣΥΜΜΑΧΙΑ ,Πολάκης Πέτρου Παύλος,ΧΑΝΙΩΝ,"pavlos.polakis@gmail.com
p.polakis@parliament.gr"
ΠΑΣΟΚ-ΚΙΝΗΜΑ ΑΛΛΑΓΗΣ,Πουλάς Θεοδοσίου Ανδρέας,ΑΡΓΟΛΙΔΟΣ,"a.poulas@parliament.gr
andreaspoulas@gmail.com"
ΑΝΕΞΑΡΤΗΤΟΙ,Πούλου Λεωνίδα Παναγιού (Γιώτα),ΒΟΙΩΤΙΑΣ,"yotapoulou@gmail.com
iotap@otenet.gr
p.poulou@parliament.gr
www.yotapoulou.gr"
"ΔΗΜΟΚΡΑΤΙΚΟ ΠΑΤΡΙΩΤΙΚΟ ΚΙΝΗΜΑ ""ΝΙΚΗ""",Ρακοβαλής Παντελή Αθανάσιος,ΕΠΙΚΡΑΤΕΙΑΣ,
ΝΕΑ ΔΗΜΟΚΡΑΤΙΑ,Ράπτη Δημητρίου Ελένη,Α' ΘΕΣΣΑΛΟΝΙΚΗΣ,"e.rapti@parliament.gr
thessaloniki@elenarapti.gr"
ΝΕΑ ΔΗΜΟΚΡΑΤΙΑ,Ράπτη Γεωργίου Ζωή,Β1' ΒΟΡΕΙΟΥ ΤΟΜΕΑ ΑΘΗΝΩΝ,"zoerapti@gmail.com
z.rapti@parliament.gr"
"ΔΗΜΟΚΡΑΤΙΚΟ ΠΑΤΡΙΩΤΙΚΟ ΚΙΝΗΜΑ ""ΝΙΚΗ""",Ρούντας Ναπολέοντος Γεώργιος,ΛΑΡΙΣΑΣ,"g.rountas@parliament.gr
nikh@parliament.gr"
ΝΕΑ ΔΗΜΟΚΡΑΤΙΑ,Ρουσόπουλος Βασιλείου Θεόδωρος (Θόδωρος),Β1' ΒΟΡΕΙΟΥ ΤΟΜΕΑ ΑΘΗΝΩΝ,"theodoros@roussopoulos.gr
https://www.roussopoulos.gr"
ΑΝΕΞΑΡΤΗΤΟΙ,Σαλμάς Γεωργίου Μάριος,ΑΙΤΩΛΟΑΚΑΡΝΑΝΙΑΣ,"msalmas@otenet.gr
https://www.msalmas.gr"
ΑΝΕΞΑΡΤΗΤΟΙ,Σαμαράς Κωνσταντίνου Αντώνιος,ΜΕΣΣΗΝΙΑΣ,asamaras@parliament.gr
ΑΝΕΞΑΡΤΗΤΟΙ,Σαράκης Κωνσταντίνου Παύλος,ΕΠΙΚΡΑΤΕΙΑΣ,"p.sarakis@parliament.gr
http://www.sarakis.gr"
ΑΝΕΞΑΡΤΗΤΟΙ,Σαρακιώτης Αθανασίου Ιωάννης,ΦΘΙΩΤΙΔΑΣ,"ioannissarakiotis@gmail.com
https://sarakiotis.gr/"
ΝΕΑ ΔΗΜΟΚΡΑΤΙΑ,Σενετάκης Γεωργίου Μάξιμος,ΗΡΑΚΛΕΙΟΥ,"senetakis@parliament.gr
maximos@senetakis.gr
http://www.senetakis.gr/"
ΝΕΑ ΔΗΜΟΚΡΑΤΙΑ,Σιμόπουλος Γεωργίου Ευστράτιος (Στράτος),Α' ΘΕΣΣΑΛΟΝΙΚΗΣ,"stra_sim@otenet.gr
https://www.efsimopoulos.gr/"
ΝΕΑ ΔΗΜΟΚΡΑΤΙΑ,Σκόνδρα Χρήστου Ασημίνα,ΚΑΡΔΙΤΣΑΣ,asimina.skondra@gmail.com
ΝΕΑ ΔΗΜΟΚΡΑΤΙΑ,Σκρέκας Θεοδώρου Κωνσταντίνος,ΤΡΙΚΑΛΩΝ,"info@skrekaskostas.gr
http://skrekaskostas.gr"
ΝΕΑ ΔΗΜΟΚΡΑΤΙΑ,Σκυλακάκης Στεφάνου Θεόδωρος,ΕΠΙΚΡΑΤΕΙΑΣ,
ΝΕΑ ΔΗΜΟΚΡΑΤΙΑ,Σούκουλη - Βιλιάλη Δημητρίου Μαρία Ελένη (Μαριλένα),ΚΟΡΙΝΘΙΑΣ,"m.soukouli@parliament.gr
www.marilenasoukouli.gr"
ΝΕΑ ΔΗΜΟΚΡΑΤΙΑ,Σπανάκης Νικολάου Βασίλειος - Πέτρος,Β3΄ΝΟΤΙΟΥ ΤΟΜΕΑ ΑΘΗΝΩΝ,"info@vspanakis.gr
spanakis@parliament.gr
vs@vspanakis.gr
https://vspanakis.gr/blog/"
ΝΕΑ ΔΗΜΟΚΡΑΤΙΑ,Σπάνιας Γεωργίου Αριστοτέλης (Τέλης),ΚΑΡΔΙΤΣΑΣ,"telisspanias@gmail.com
t.spaniaspolitikografeio@gmail.com"
ΠΑΣΟΚ-ΚΙΝΗΜΑ ΑΛΛΑΓΗΣ,Σπυριδάκη Νικολάου Αικατερίνη (Κατερίνα),ΛΑΣΙΘΙΟΥ,"k.spyridaki@parliament.gr
spyridaki.katerina@outlook.com"
ΝΕΑ ΔΗΜΟΚΡΑΤΙΑ,Σταϊκούρας Κωνσταντίνου Χρήστος,ΦΘΙΩΤΙΔΑΣ,"cstaik@parliament.gr
https://cstaikouras.gr/"
ΝΕΑ ΔΗΜΟΚΡΑΤΙΑ,Σταμάτης Αναστασίου Γεώργιος,ΕΠΙΚΡΑΤΕΙΑΣ,g.stamatis@parliament.gr
ΝΕΑ ΔΗΜΟΚΡΑΤΙΑ,Σταμενίτης Ευαγγέλου Διονύσιος,ΠΕΛΛΗΣ,"d.stamenitis@parliament.gr
stamenitisdionisis@yahoo.gr
http://www.stamenitis.gr"
ΠΑΣΟΚ-ΚΙΝΗΜΑ ΑΛΛΑΓΗΣ,Σταρακά Δημητρίου Χριστίνα,ΑΙΤΩΛΟΑΚΑΡΝΑΝΙΑΣ,"xstaraka@gmail.com
politicaloffice.staraka@gmail.com
ch.staraka@parliament.gr"
ΝΕΑ ΔΗΜΟΚΡΑΤΙΑ,Σταυρόπουλος Γεωργίου Αθανάσιος,ΓΡΕΒΕΝΩΝ,
ΝΕΑ ΔΗΜΟΚΡΑΤΙΑ,Στεφανάδης Ισιδώρου Χριστόδουλος,ΣΑΜΟΥ,"ch.stefanadis@parliament.gr
http://www.stefanadis.gr"
ΣΠΑΡΤΙΑΤΕΣ,Στίγκας Αθανασίου Βασίλειος,Β3΄ΝΟΤΙΟΥ ΤΟΜΕΑ ΑΘΗΝΩΝ,"v.stigkas@parliament.gr
www.spartiates.gr"
ΚΟΜΜΟΥΝΙΣΤΙΚΟ ΚΟΜΜΑ ΕΛΛΑΔΑΣ,Στολτίδης Δημητρίου Λεωνίδας,Β' ΘΕΣΣΑΛΟΝΙΚΗΣ,l.stoltidis@parliament.gr
ΝΕΑ ΔΗΜΟΚΡΑΤΙΑ,Στυλιανίδης Στυλιανού Ευριπίδης,ΡΟΔΟΠΗΣ,"stylianidis@e-stylianidis.gr
http://www.e-stylianidis.gr"
ΝΕΑ ΔΗΜΟΚΡΑΤΙΑ,Στυλιανίδης Μέλη Χρήστος,ΕΠΙΚΡΑΤΕΙΑΣ,
ΝΕΑ ΔΗΜΟΚΡΑΤΙΑ,Στύλιος Δημοσθένη Γεώργιος,ΑΡΤΑΣ,"stylios@parliament.gr
http://stylios.gr/"
ΚΟΜΜΟΥΝΙΣΤΙΚΟ ΚΟΜΜΑ ΕΛΛΑΔΑΣ,Συντυχάκης Δανιήλ Εμμανουήλ,ΗΡΑΚΛΕΙΟΥ,e.syntychakis@parliament.gr
ΝΕΑ ΔΗΜΟΚΡΑΤΙΑ,Συρεγγέλα Κωνσταντίνου Μαρία,Β2' ΔΥΤΙΚΟΥ ΤΟΜΕΑ ΑΘΗΝΩΝ,"mariasyrengela@gmail.com
m.syreggela@parliament.gr
https://mariasyrengela.gr/"
ΝΕΑ ΔΗΜΟΚΡΑΤΙΑ,Συρίγος Ματθαίου Ευάγγελος (Άγγελος),Α' ΑΘΗΝΩΝ,"a@syrigos.gr
syrigos@parliament.gr
https://www.syrigos.gr/"
ΝΕΑ ΔΗΜΟΚΡΑΤΙΑ,Ταγαράς Χρήστου Νικόλαος,ΚΟΡΙΝΘΙΑΣ,"ntagaras@parliament.gr
tagaras2019@gmail.com"
ΑΝΕΞΑΡΤΗΤΟΙ,Τζάκρη Εμμανουήλ Θεοδώρα,ΠΕΛΛΗΣ,"theotzakri@gmail.com
https://theodoratzakri.gr/"
ΝΕΑ ΑΡΙΣΤΕΡΑ,Τζανακόπουλος Μόσχου Δημήτριος,Α' ΑΘΗΝΩΝ,"d.tzanakopoulos@parliament.gr
https://dimitristzanakopoulos.gr/"
ΝΕΑ ΑΡΙΣΤΕΡΑ,Τζούφη Στεφάνου Μερόπη,ΙΩΑΝΝΙΝΩΝ,"m.tzoufi@parliament.gr
http://meropitzoufi.wordpress.com"
ΝΕΑ ΔΗΜΟΚΡΑΤΙΑ,Τραγάκης Παναγιώτη Ιωάννης,Β' ΠΕΙΡΑΙΩΣ,"i.tragakis@gmail.com
http://www.tragakis.gr/"
ΝΕΑ ΔΗΜΟΚΡΑΤΙΑ,Τριαντόπουλος Γεωργίου Χρήστος,ΜΑΓΝΗΣΙΑΣ,
ΝΕΑ ΔΗΜΟΚΡΑΤΙΑ,Τσαβδαρίδης Γεωργίου Λάζαρος,ΗΜΑΘΙΑΣ,LazarosTsavdaridis@yahoo.com
ΝΕΑ ΑΡΙΣΤΕΡΑ,Τσακαλώτος Στέφανου Ευκλείδης,Β1' ΒΟΡΕΙΟΥ ΤΟΜΕΑ ΑΘΗΝΩΝ,tsakalot@parliament.gr
ΣΥΝΑΣΠΙΣΜΟΣ ΡΙΖΟΣΠΑΣΤΙΚΗΣ ΑΡΙΣΤΕΡΑΣ - ΠΡΟΟΔΕΥΤΙΚΗ  ΣΥΜΜΑΧΙΑ ,Τσαπανίδου Γεωργίου Παρθένα (Πόπη),ΕΠΙΚΡΑΤΕΙΑΣ,
ΝΕΑ ΔΗΜΟΚΡΑΤΙΑ,Τσιάρας Αλεξάνδρου Κωνσταντίνος,ΚΑΡΔΙΤΣΑΣ,"politikografeio@kostastsiaras.gr
http://www.kostastsiaras.gr"
ΝΕΑ ΔΗΜΟΚΡΑΤΙΑ,Τσιλιγγίρης Γεωργίου Σπυρίδων (Σπύρος),ΞΑΝΘΗΣ,"tsiliggiriss@gmail.com
s.tsiliggiris@parliament.gr"
ΠΑΣΟΚ-ΚΙΝΗΜΑ ΑΛΛΑΓΗΣ,Τσίμαρης Παναγιώτη Ιωάννης,ΙΩΑΝΝΙΝΩΝ,i.tsimaris@parliament.gr
ΣΥΝΑΣΠΙΣΜΟΣ ΡΙΖΟΣΠΑΣΤΙΚΗΣ ΑΡΙΣΤΕΡΑΣ - ΠΡΟΟΔΕΥΤΙΚΗ  ΣΥΜΜΑΧΙΑ ,Τσίπρας Παύλου Αλέξιος,Α' ΠΕΙΡΑΙΩΣ,"alexis.tsipras@syriza.gr
a.tsipras@parliament.gr
www.syriza.gr"
"ΔΗΜΟΚΡΑΤΙΚΟ ΠΑΤΡΙΩΤΙΚΟ ΚΙΝΗΜΑ ""ΝΙΚΗ""",Τσιρώνης Μιχαήλ Σπυρίδων,ΑΧΑΪΑΣ,"s.tsironis@parliament.gr
nikh@parliament.gr"
ΚΟΜΜΟΥΝΙΣΤΙΚΟ ΚΟΜΜΑ ΕΛΛΑΔΑΣ,Τσοκάνης Νικολάου Χρήστος,Β΄ΔΥΤΙΚΗΣ ΑΤΤΙΚΗΣ,
ΝΕΑ ΔΗΜΟΚΡΑΤΙΑ,Υψηλάντης Αναστασίου Βασίλειος-Νικόλαος,ΔΩΔΕΚΑΝΗΣΟΥ,"ypsilantismp@gmail.com
ypsilantis@parliament.gr"
ΣΥΝΑΣΠΙΣΜΟΣ ΡΙΖΟΣΠΑΣΤΙΚΗΣ ΑΡΙΣΤΕΡΑΣ - ΠΡΟΟΔΕΥΤΙΚΗ  ΣΥΜΜΑΧΙΑ ,Φάμελλος Πέτρου Σωκράτης,Β' ΘΕΣΣΑΛΟΝΙΚΗΣ,"s.famellos@parliament.gr
sfamellos2001@gmail.com
https://www.famellos.eu/"
ΝΕΑ ΑΡΙΣΤΕΡΑ,Φερχάτ Ναζήφ Οζγκιούρ,ΡΟΔΟΠΗΣ,
ΑΝΕΞΑΡΤΗΤΟΙ,Φλώρος Ευσταθίου Κωνσταντίνος,ΛΑΡΙΣΑΣ,
ΝΕΑ ΔΗΜΟΚΡΑΤΙΑ,Φόρτωμας Αριστοτέλη Φίλιππος,ΚΥΚΛΑΔΩΝ,"fortomas.office@gmail.com
https://www.ffortomas.gr/"
ΝΕΑ ΔΗΜΟΚΡΑΤΙΑ,Φωτήλας Ασημάκη Ιάσωνας,ΑΧΑΪΑΣ,"i.fotilas@parliament.gr
jfotilas@gmail.com
http://www.fotilas.gr"
ΝΕΑ ΑΡΙΣΤΕΡΑ,Φωτίου Βασιλείου Θεανώ,Β3΄ΝΟΤΙΟΥ ΤΟΜΕΑ ΑΘΗΝΩΝ,"thfotiou@parliament.gr
http://theanofotiou.gr/"
ΕΛΛΗΝΙΚΗ ΛΥΣΗ - ΚΥΡΙΑΚΟΣ ΒΕΛΟΠΟΥΛΟΣ,Φωτόπουλος Θεοδώρου Στυλιανός,Α΄ΑΝΑΤΟΛΙΚΗΣ ΑΤΤΙΚΗΣ,"stelios@sfotopoulos
stelios.fotopoulos@gmail.com
www.s-fotopoulos.gr"
ΣΠΑΡΤΙΑΤΕΣ,Χαλκιάς Ευαγγέλου Αθανάσιος,Α' ΑΘΗΝΩΝ,
ΝΕΑ ΔΗΜΟΚΡΑΤΙΑ,Χαρακόπουλος Παντελή Μάξιμος,ΛΑΡΙΣΑΣ,"maximos@parliament.gr
enimerosi@maximos.gr
http://www.maximos.gr"
ΝΕΑ ΑΡΙΣΤΕΡΑ,Χαρίτσης Βύρωνα Αλέξανδρος (Αλέξης),ΜΕΣΣΗΝΙΑΣ,"a.charitsis@parliament.gr
info@alexischaritsis.gr
http://www.alexischaritsis.gr/viografiko/"
ΝΕΑ ΔΗΜΟΚΡΑΤΙΑ,Χατζηβασιλείου Γεωργίου Αναστάσιος (Τάσος),ΣΕΡΡΩΝ,"tasoschatziv@gmail.com
chatzivasileiou@parliament.gr
http://www.achatzivasileiou.gr"
ΝΕΑ ΔΗΜΟΚΡΑΤΙΑ,Χατζηδάκης Διονυσίου Διονύσιος,Β3΄ΝΟΤΙΟΥ ΤΟΜΕΑ ΑΘΗΝΩΝ,d.chatzidakis@parliament.gr
ΝΕΑ ΔΗΜΟΚΡΑΤΙΑ,Χατζηδάκης Ιωάννη Κωνσταντίνος (Κωστής),Β1' ΒΟΡΕΙΟΥ ΤΟΜΕΑ ΑΘΗΝΩΝ,"info@khatzidakis.gr
http://www.khatzidakis.gr"
ΝΕΑ ΔΗΜΟΚΡΑΤΙΑ,Χατζηιωαννίδου Βασιλείου Μαρία Νεφέλη,ΕΠΙΚΡΑΤΕΙΑΣ,"m.chatziioannidou@parliament.gr
mn.chatziioannidou@gmail.com
https://www.aboutnefeli.com"
ΕΛΛΗΝΙΚΗ ΛΥΣΗ - ΚΥΡΙΑΚΟΣ ΒΕΛΟΠΟΥΛΟΣ,Χήτας Αχιλλέως Κωνσταντίνος,Β' ΘΕΣΣΑΛΟΝΙΚΗΣ,"chitasbox@gmail.com
k.chitas@parliament.gr"
ΠΑΣΟΚ-ΚΙΝΗΜΑ ΑΛΛΑΓΗΣ,Χνάρης Ιωάννη Εμμανουήλ,ΡΕΘΥΜΝΗΣ,"χnarisman@gmail.com
m.chnaris@parliament.gr
emmanouelchnares@gmail.com
https://www.manolisxnaris.gr/gr"
ΑΝΕΞΑΡΤΗΤΟΙ,Χουρδάκης Κωνσταντίνου Μιχαήλ,Α' ΘΕΣΣΑΛΟΝΙΚΗΣ,"info@mchourdakis.gr
https://mchourdakis.gr/"
ΠΑΣΟΚ-ΚΙΝΗΜΑ ΑΛΛΑΓΗΣ,Χρηστίδης Δημητρίου Παύλος,Β3΄ΝΟΤΙΟΥ ΤΟΜΕΑ ΑΘΗΝΩΝ,"pavlos.christidis@parliament.gr
pavloschristidis.gr"
ΑΝΕΞΑΡΤΗΤΟΙ,Χρηστίδου Δημητρίου Ραλλία,Β3΄ΝΟΤΙΟΥ ΤΟΜΕΑ ΑΘΗΝΩΝ,"r.christidou@parliament.gr
raliachristidou@gmail.com"
ΠΑΣΟΚ-ΚΙΝΗΜΑ ΑΛΛΑΓΗΣ,Χριστοδουλάκης Ανέστη Εμμανουήλ (Μανώλης),Α΄ΑΝΑΤΟΛΙΚΗΣ ΑΤΤΙΚΗΣ,"info@manolischristodoulakis.gr
manolischristodoulakis.gr"
ΝΕΑ ΔΗΜΟΚΡΑΤΙΑ,Χρυσομάλλης Παναγιώτη Μιλτιάδης (Μίλτος),ΜΕΣΣΗΝΙΑΣ,"m.chrysomallis@parliament.gr
miltos.chrysomallis@gmail.com
https://miltos.online"
ΝΕΑ ΔΗΜΟΚΡΑΤΙΑ,Χρυσοχοΐδης Βασιλείου Μιχαήλ,Β2' ΔΥΤΙΚΟΥ ΤΟΜΕΑ ΑΘΗΝΩΝ,"mchrisochoidis@gmail.com
http://www.chrisochoidis.gr"
ΣΥΝΑΣΠΙΣΜΟΣ ΡΙΖΟΣΠΑΣΤΙΚΗΣ ΑΡΙΣΤΕΡΑΣ - ΠΡΟΟΔΕΥΤΙΚΗ  ΣΥΜΜΑΧΙΑ ,Ψυχογιός Κωνσταντίνου Γεώργιος,ΚΟΡΙΝΘΙΑΣ,g.psychogios@parliament.gr
